15,shirzho,shirzho,2017-09-23 10:28:21.009260,hello,1,1,0,0
16,shirzho,shirzho,2017-09-23 10:28:25.765571,!encourageme,1,1,0,0
18,shirzho,shirzho,2017-09-23 10:28:34.341550,bubthecat,1,1,0,0
15,shirzho,shirzho,2017-09-23 10:39:44.178629,bubthecat,1,1,0,0
23,shirzho,shirzho,2017-09-23 10:43:44.805413,bubthecat,1,1,0,0
15,shirzho,shirzho,2017-09-23 10:43:59.851157,bubthecat,1,1,0,0
15,shirzho,shirzho,2017-09-23 10:58:54.376067,catlady,1,1,0,0
15,shirzho,shirzho,2017-09-23 10:59:55.956815,catlady,1,1,0,0
15,shirzho,shirzho,2017-09-23 11:00:43.722443,catlady,1,1,0,0
15,shirzho,shirzho,2017-09-23 11:02:15.190809,iwannabecatlady,1,1,0,0
